 /*
*****************************************************************************
*************************       Normalization.        ***********************
*****************************************************************************
****************************************************************************/

USE master
GO

CREATE DATABASE pizzeriaDB
GO

USE pizzeriaDB
GO

CREATE TABLE pizzeriaData(
	OrderNo int
	,[Date] date
	,Customer varchar(100)
	,CustomerData varchar(max)
	,OrderInfo varchar(max)
	,Courier varchar(100))
GO
INSERT pizzeriaData VALUES
(1, '20170407', 'Tony Wang', 'Sportivnaya str., 15, ap.4, tel. 3-15-64', 'Pepperoni pizza - 1, beer SA - 2 (0.5)', 'Norma Mortenson')
,(2, '20170407', 'Amy Yang', 'Shevchenko av., 2, ap.17, tel. 3-22-81', 'Veggie pizza - 3, Caesar salad - 4', 'Norma Mortenson')
,(3, '20170408', 'Cheng Tsui', 'Gagarin str., 80, ap.26, tel. 3-25-70, mob. (077)444-15-17', 'beer B Premium - 10 (0.5), Meat pizza - 2, Cheese pizza - 3', 'Cassius Clay')
GO
SELECT * FROM pizzeriaData 
GO
-- при выборке видим что на пересечении строк и полей в ячейке CustomersData находится не одно а несколько значение 
-- что противоречит 1НФ
DROP TABLE pizzeriaData 
GO
CREATE TABLE pizzeriaData(
	OrderNo int
	,[Date] date
	,Customer varchar(100)
	,CustomerAddress varchar(max)
	,CustomerPhone varchar(15)
	,CustomerMob varchar(15)
	,Product1 varchar(20)
	,Qty1 tinyint
	,Product2 varchar(20)
	,Qty2 tinyint
	,Product3 varchar(20)
	,Qty3 tinyint
	,Courier varchar(100))
GO

INSERT pizzeriaData VALUES
(1, '20170407', 'Tony Wang', 'Sportivnaya str., 15, ap.4', '3-15-64', NULL, 'Pepperoni pizza', 1, 'beer SA', 2, NULL, NULL, 'Norma Mortenson')
,(2, '20170407', 'Amy Yang', 'Shevchenko av., 2, ap.17', '3-22-81', NULL, 'Veggie pizza', 3, 'Caesar salad', 4, NULL, NULL, 'Norma Mortenson')
,(3, '20170408', 'Cheng Tsui', 'Gagarin str., 80, ap.26', '3-25-70', '(077)444-15-17', 'beer B Premium', 10, 'Meat pizza', 2, 'Cheese pizza', 3, 'Cassius Clay')
GO
SELECT * FROM pizzeriaData 
GO
-- в данном случае види переменное колво столбцов Product и QTY
-- если необходимо добавить 4 товар - опять добавлять столбцы?
DROP TABLE pizzeriaData 
GO
CREATE TABLE pizzeriaData(
	OrderNo int
	,OrderItem int
	,[Date] date
	,Customer varchar(100)
	,CustomerAddress varchar(max)
	,CustomerPhone varchar(15)
	,CustomerMob varchar(15)
	,Product varchar(20)
	,ProductName varchar(20)
	,Qty tinyint
	,Courier varchar(100))
GO

INSERT pizzeriaData VALUES
(1, 1, '20170407', 'Tony Wang', 'Sportivnaya str., 15, ap.4', '3-15-64', NULL, 'pizza', 'Pepperoni', 1, 'Norma Mortenson')
,(1, 2, '20170407', 'Tony Wang', 'Sportivnaya str., 15, ap.4', '3-15-64', NULL, 'beer', 'SA', 2, 'Norma Mortenson')
,(2, 1, '20170407', 'Amy Yang', 'Shevchenko av., 2, ap.17', '3-22-81', NULL, 'pizza', 'Veggie', 3, 'Norma Mortenson')
,(2, 2, '20170407', 'Amy Yang', 'Shevchenko av., 2, ap.17', '3-22-81', NULL, 'salad', 'Caesar', 4, 'Norma Mortenson')
,(3, 1, '20170408', 'Cheng Tsui', 'Gagarin str., 80, ap.26', '3-25-70', '(077)444-15-17', 'beer', 'B Premium', 10, 'Cassius Clay')
,(3, 2, '20170408', 'Cheng Tsui', 'Gagarin str., 80, ap.26', '3-25-70', '(077)444-15-17', 'pizza', 'Meat', 2, 'Cassius Clay')
,(3, 3, '20170408', 'Cheng Tsui', 'Gagarin str., 80, ap.26', '3-25-70', '(077)444-15-17', 'pizza','Cheese', 3, 'Cassius Clay')
GO
SELECT * FROM pizzeriaData 
-- ключом являються два столбца OrderNo и OrderItem
-- но курьер должен зависеть только от номера заказа но никак от  номера заказа

-- -=2НФ=-
-- Каждый неключевой столбец должен зависеть от ключа
GO

CREATE TABLE Orders(
	OrderNo int
	,[Date] date
	,CustomerId int
	,Courier varchar(100))
GO

CREATE TABLE OrderInfo(
	OrderNo int
	,OrderItem int
	,Product varchar(20)
	,ProductName varchar(20)
	,Qty tinyint)
GO

CREATE TABLE Customers(
	Id int
	,FullName varchar(100)
	,CustomerAddress varchar(max)
	,CustomerPhone varchar(15)
	,CustomerMob varchar(15))
GO

INSERT Orders VALUES
(1, '20170407', 1, 'Norma Mortenson')
,(2, '20170407', 2, 'Norma Mortenson')
,(3, '20170408', 3, 'Cassius Clay')
GO

INSERT OrderInfo VALUES
(1, 1, 'pizza', 'Pepperoni', 1)
,(1, 2, 'beer', 'SA', 2)
,(2, 1, 'pizza', 'Veggie', 3)
,(2, 2, 'salad', 'Caesar', 4)
,(3, 1, 'beer', 'B Premium', 10)
,(3, 2, 'pizza', 'Meat', 2)
,(3, 3, 'pizza','Cheese', 3)
GO

INSERT Customers VALUES
(1, 'Tony Wang', 'Sportivnaya str., 15, ap.4', '3-15-64', NULL)
,(2, 'Amy Yang', 'Shevchenko av., 2, ap.17', '3-22-81', NULL)
,(3, 'Cheng Tsui', 'Gagarin str., 80, ap.26', '3-25-70', '(077)444-15-17')
GO

CREATE TABLE Employees(
	Id int
	,FullName varchar(100)
	,Position varchar(20)
	,Salary decimal(9,4))
GO

INSERT Employees VALUES
(1, 'Norma Mortenson', 'courier', 1000.00)
,(2, 'Cassius Clay', 'courier', 1000.00)
,(3, 'Samuel Clemens', 'chief manager', 2000.00)
,(4, 'Anna Gorenko', 'accountant', 1500.00)
GO

DROP TABLE Employees
GO

CREATE TABLE Employees(
	Id int
	,FullName varchar(100)
	,PositionId int)
GO

INSERT Employees VALUES
(1, 'Norma Mortenson', 1)
,(2, 'Cassius Clay', 1)
,(3, 'Samuel Clemens', 2)
,(4, 'Anna Gorenko', 3)
GO

CREATE TABLE Salaries(
	Id int
	,Position varchar(100)
	,Rate decimal(9,4))
GO

INSERT Salaries VALUES
(1, 'courier', 1000.00)
,(2, 'chief manager', 2000.00)
,(3, 'accountant', 1500.00)
GO

SELECT * FROM Employees
GO

SELECT * FROM Salaries
GO